{
	"type" : "pos",
	"body" : -168,
	"otherBody" : 499,
	"spiceDirs" : [
		"lsk",
		"celestial",
		"../../../mars2020/src/assets/spice"
	],
	"forcedPoints": [
		[666952082.045910, "cruise stage separation"],
		[666952946.270190, "heatshield separation"],
		[666953030.911190, "backshell separation"],
		[666953075.521190, "deploy"]
	],
	"limitedCoverage" : [666932224, 667051269.185],
	"forceLoadOrientationKernels" : true
}
