{
	"type" : "pos",
	"body" : -168,
	"otherBody" : 499,
	"spiceDirs" : [
		"lsk",
		"celestial",
		"../../../mars2020/src/assets/spice"
	],
	"forcedPoints": [
		[666951475.928640, "cruise stage separation"],
		[666952278.447640, "heatshield separation"],
		[666952359.838640, "backshell separation"],
		[666952404.853640, "deploy"]
	],
	"limitedCoverage" : [666932224, 667051269.185],
	"forceLoadOrientationKernels" : true
}
